{"ndvi":{"count":160000.0,"mean":-0.0086757041,"std":0.0194558071,"min":-0.1336118138,"max":0.1389193422,"uuid_p":"8cd31c07-c439-4676-9539-1c652e951d2a","id_p":"3"}}