{"ndvi":{"count":160000.0,"mean":-0.0338522784,"std":0.005323906,"min":-0.0542968965,"max":0.0029262282,"uuid_p":"46a395e2-e5cf-4d4d-a8a1-a7a04a930441","id_p":"4"}}