{"ndvi":{"count":160000.0,"mean":-0.0304533339,"std":0.0034821868,"min":-0.0585588119,"max":0.0263993076,"uuid_p":"e18fa434-0d43-44d7-9ad0-7438e612b0d2","id_p":"2"}}