{"ndvi":{"count":160000.0,"mean":-0.0086757041,"std":0.0194558071,"min":-0.1336118138,"max":0.1389193422,"uuid_p":"a66e2a31-d6cd-40f3-a96c-0d1286817b64","id_p":"3"}}