{"ndvi":{"count":160000.0,"mean":-0.0294397903,"std":0.0034384826,"min":-0.0609068351,"max":0.0500195389,"uuid_p":"bdb9742a-eaa1-4657-8e24-7716191f262b","id_p":"1"}}