{"ndvi":{"count":160000.0,"mean":-0.0044713936,"std":0.0100693027,"min":-0.0588291335,"max":0.0216193804,"uuid_p":"b0c2dd49-6807-4b0b-8696-b6babe9764e4","id_p":"3"}}