{"ndvi":{"count":160000.0,"mean":-0.0517115793,"std":0.0251727595,"min":-0.107016124,"max":0.0517706019,"uuid_p":"880c73fd-69aa-4880-9213-619549f0cae9","id_p":"2"}}