{"ndvi":{"count":160000.0,"mean":-0.0070784794,"std":0.006488715,"min":-0.0271119843,"max":0.0145165451,"uuid_p":"f88911b0-e056-49cf-9d2d-e20c6766eb2b","id_p":"4"}}