{"ndvi":{"count":160000.0,"mean":-0.0514655869,"std":0.0271805706,"min":-0.1353807173,"max":0.077185613,"uuid_p":"fb4db968-88b5-4dec-bd8c-04f29ce0611c","id_p":"5"}}