{"ndvi":{"count":160000.0,"mean":-0.039098773,"std":0.0313412326,"min":-0.1157928943,"max":0.0614405875,"uuid_p":"ab82f073-cfbf-4df1-9f12-4dbea43b43e6","id_p":"1"}}