{"ndvi":{"count":160000.0,"mean":-0.0024941387,"std":0.0027213264,"min":-0.0315278901,"max":0.0110375875,"uuid_p":"ef8b564c-c47e-422b-b721-c4f689e27a0b","id_p":"5"}}