{"ndvi":{"count":160000.0,"mean":-0.0038927443,"std":0.0056539376,"min":-0.1408332557,"max":0.119254572,"uuid_p":"dbdb080d-22a6-4857-8a05-2187cad73493","id_p":"2"}}