{"ndvi":{"count":160000.0,"mean":-0.0024941387,"std":0.0027213264,"min":-0.0315278901,"max":0.0110375875,"uuid_p":"dec34b8f-a957-42ea-a730-d375b8cb5274","id_p":"3"}}