{"ndvi":{"count":160000.0,"mean":-0.0323002472,"std":0.0168476572,"min":-0.3175036098,"max":0.1380807642,"uuid_p":"a4b4007f-3ead-46cf-9dfc-3ef4cf8910c9","id_p":"5"}}