{"ndvi":{"count":160000.0,"mean":-0.0336192115,"std":0.010119909,"min":-0.1341176471,"max":0.0615762718,"uuid_p":"b69a3d43-5282-4c92-b59d-6c81446bc611","id_p":"1"}}