{"ndvi":{"count":160000.0,"mean":-0.0336192115,"std":0.010119909,"min":-0.1341176471,"max":0.0615762718,"uuid_p":"cc03c9c3-9e75-4a1c-9d7e-306071b03898","id_p":"1"}}