{"ndvi":{"count":160000.0,"mean":-0.0103463093,"std":0.0018075176,"min":-0.0566095471,"max":0.025275052,"uuid_p":"79d2fe3a-8c2b-4d58-bef7-6b6f4a437164","id_p":"4"}}