{"ndvi":{"count":160000.0,"mean":-0.0187992493,"std":0.0016831112,"min":-0.0415181,"max":0.0311627288,"uuid_p":"169785ae-77e6-4285-ad7d-8564df262b32","id_p":2}}