{"ndvi":{"count":160000.0,"mean":-0.0102468028,"std":0.0267529383,"min":-1.0,"max":1.0,"uuid_p":"7c422e0f-d78b-4cbc-a4ae-9ecb98b16758","id_p":"3"}}