{"ndvi":{"count":160000.0,"mean":-0.0336192115,"std":0.010119909,"min":-0.1341176471,"max":0.0615762718,"uuid_p":"902f9f7b-65a4-45d3-a810-b7c9fd578cb2","id_p":"1"}}